,chi_sq1,p_value1,chi_sq2,p_value2,chi_sq3,p_value3,chi_sq4,p_value4,chi_sq5,p_value5,chi_sq6,p_value6
1,1.7114270486150768e-30,,1.7114270486150768e-30,,0.0,,0.0,,0.0,,0.0,
2,0.008258467794596023,0.9275910312267002,0.008258467794596023,0.9275910312267002,1.0656270903010017,0.30193527571330536,1.0656270903010017,0.30193527571330536,0.048024251169224874,0.8265375950562648,0.048024251169224874,0.8265375950562648
3,5.0510639819486896,0.08001573381371563,4.814933061887567,0.09004312732357278,13.215610347981706,0.0013497914580392623,1.1468804179051086,0.5635832556955884,0.10846546480534769,0.9472116340078236,0.10105122201815181,0.9507295792166391
4,8.840077473853723,0.031494470359357596,10.642988462743633,0.01382164409993425,13.803469363839202,0.003185244430653267,1.2085881094896083,0.7509452738170898,0.1776711347292921,0.9811108047352416,0.1776711347292921,0.9811108047352416
5,11.80717679975864,0.018844257272075948,15.689919559234054,0.003464759700463449,14.266385204750328,0.006491646633498327,1.2570508417693007,0.8686191907206571,0.2930870058949991,0.9902560467431336,0.2930870058949991,0.9902560467431336
6,13.79517675255916,0.016964184458346243,19.7244701111359,0.0014075688779529028,14.640458781378669,0.012014314607590726,1.296122211472208,0.9353301945090552,0.38894012544962575,0.9956287541180133,0.3764934171215607,0.9959523908015464
7,15.805631627852895,0.014836127622403605,23.035657320857506,0.0007846235620437847,14.949073594745318,0.020656527555589554,1.3282922705314015,0.9700747407306005,0.4698177352575466,0.9981866255827236,0.4470634328714663,0.9984243157267144
